{
  "project_info": {
    "project_number": "429538821021",
    "firebase_url": "https://cse408shademaker.firebaseio.com",
    "project_id": "cse408shademaker",
    "storage_bucket": "cse408shademaker.appspot.com"
  },
  "client": [
    {
      "client_info": {
        "mobilesdk_app_id": "1:429538821021:android:3505973a402f4d0c",
        "android_client_info": {
          "package_name": "com.example.blindscontrolapp_408"
        }
      },
      "oauth_client": [
        {
          "client_id": "429538821021-h4d2ufmf6bq1n3js0uurdv2mdsd6ojug.apps.googleusercontent.com",
          "client_type": 1,
          "android_info": {
            "package_name": "com.example.blindscontrolapp_408",
            "certificate_hash": "654f8321dab168c0d405eab1ea4af41c47a2d9b3"
          }
        },
        {
          "client_id": "429538821021-8and4vuec08k8hudpffrarflgvhk1rj1.apps.googleusercontent.com",
          "client_type": 3
        }
      ],
      "api_key": [
        {
          "current_key": "AIzaSyBApfZHWEiSQUR-bVpKxWqH2SyzRlM2lLY"
        }
      ],
      "services": {
        "appinvite_service": {
          "other_platform_oauth_client": [
            {
              "client_id": "429538821021-8and4vuec08k8hudpffrarflgvhk1rj1.apps.googleusercontent.com",
              "client_type": 3
            }
          ]
        }
      }
    }
  ],
  "configuration_version": "1"
}